location_name,hour_utc,actual_pm25,predicted_pm25
"Anand Vihar, New Delhi - DPCC",2026-05-21 15:00:00+00:00,99.0,101.04199
"Anand Vihar, New Delhi - DPCC",2026-05-21 16:00:00+00:00,64.7,93.42269
"Anand Vihar, New Delhi - DPCC",2026-05-21 17:00:00+00:00,69.0,94.153435
"Anand Vihar, New Delhi - DPCC",2026-05-21 18:00:00+00:00,64.0,92.33444
"Anand Vihar, New Delhi - DPCC",2026-05-21 19:00:00+00:00,61.5,80.102776
"Anand Vihar, New Delhi - DPCC",2026-05-21 20:00:00+00:00,70.5,73.82104
"Anand Vihar, New Delhi - DPCC",2026-05-21 21:00:00+00:00,94.5,73.57176
"Anand Vihar, New Delhi - DPCC",2026-05-21 22:00:00+00:00,137.0,74.39363
"Anand Vihar, New Delhi - DPCC",2026-05-21 23:00:00+00:00,151.0,70.463394
"Anand Vihar, New Delhi - DPCC",2026-05-22 00:00:00+00:00,146.0,67.530525
"Anand Vihar, New Delhi - DPCC",2026-05-22 01:00:00+00:00,119.0,68.21722
"Anand Vihar, New Delhi - DPCC",2026-05-22 02:00:00+00:00,113.0,73.03128
"Anand Vihar, New Delhi - DPCC",2026-05-22 03:00:00+00:00,115.0,76.51199
"Anand Vihar, New Delhi - DPCC",2026-05-22 05:00:00+00:00,93.5,76.632904
"Anand Vihar, New Delhi - DPCC",2026-05-22 06:00:00+00:00,76.5,78.99618
"Anand Vihar, New Delhi - DPCC",2026-05-22 07:00:00+00:00,73.7,77.528145
"Anand Vihar, New Delhi - DPCC",2026-05-22 08:00:00+00:00,87.0,74.96446
"Anand Vihar, New Delhi - DPCC",2026-05-22 09:00:00+00:00,76.0,75.06251
"Anand Vihar, New Delhi - DPCC",2026-05-22 10:00:00+00:00,60.0,71.67092
"Anand Vihar, New Delhi - DPCC",2026-05-22 11:00:00+00:00,62.0,73.97669
"Anand Vihar, New Delhi - DPCC",2026-05-22 12:00:00+00:00,78.5,85.95893
"Anand Vihar, New Delhi - DPCC",2026-05-22 13:00:00+00:00,98.3,86.62069
"Anand Vihar, New Delhi - DPCC",2026-05-22 14:00:00+00:00,93.5,97.810585
"Anand Vihar, New Delhi - DPCC",2026-05-22 15:00:00+00:00,67.0,95.017914
"Anand Vihar, New Delhi - DPCC",2026-05-22 16:00:00+00:00,66.0,90.704475
"Anand Vihar, New Delhi - DPCC",2026-05-22 17:00:00+00:00,152.0,86.552444
"Anand Vihar, New Delhi - DPCC",2026-05-22 19:00:00+00:00,112.0,84.31062
"Anand Vihar, New Delhi - DPCC",2026-05-22 20:00:00+00:00,67.5,84.59289
"Anand Vihar, New Delhi - DPCC",2026-05-22 21:00:00+00:00,74.0,81.184555
"Anand Vihar, New Delhi - DPCC",2026-05-22 22:00:00+00:00,91.0,78.704926
"Anand Vihar, New Delhi - DPCC",2026-05-22 23:00:00+00:00,110.0,78.624054
"Anand Vihar, New Delhi - DPCC",2026-05-23 00:00:00+00:00,108.0,66.575165
"Anand Vihar, New Delhi - DPCC",2026-05-23 01:00:00+00:00,101.0,73.08097
"Anand Vihar, New Delhi - DPCC",2026-05-23 02:00:00+00:00,105.0,74.443375
"Anand Vihar, New Delhi - DPCC",2026-05-23 03:00:00+00:00,125.0,55.384766
"Anand Vihar, New Delhi - DPCC",2026-05-23 04:00:00+00:00,155.0,59.442474
"Anand Vihar, New Delhi - DPCC",2026-05-23 05:00:00+00:00,140.0,67.01035
"Anand Vihar, New Delhi - DPCC",2026-05-23 06:00:00+00:00,92.0,66.81102
"Anand Vihar, New Delhi - DPCC",2026-05-23 07:00:00+00:00,60.5,64.44126
"Anand Vihar, New Delhi - DPCC",2026-05-23 08:00:00+00:00,51.0,50.743385
"Anand Vihar, New Delhi - DPCC",2026-05-23 09:00:00+00:00,50.0,57.92618
"Anand Vihar, New Delhi - DPCC",2026-05-23 10:00:00+00:00,47.0,68.83367
"Anand Vihar, New Delhi - DPCC",2026-05-23 11:00:00+00:00,53.5,64.46997
"Anand Vihar, New Delhi - DPCC",2026-05-23 12:00:00+00:00,87.7,61.5565
"Anand Vihar, New Delhi - DPCC",2026-05-23 13:00:00+00:00,107.0,69.256035
"Anand Vihar, New Delhi - DPCC",2026-05-23 14:00:00+00:00,115.0,78.324615
"Anand Vihar, New Delhi - DPCC",2026-05-23 15:00:00+00:00,119.0,80.78176
"Anand Vihar, New Delhi - DPCC",2026-05-23 16:00:00+00:00,117.0,85.30195
"Anand Vihar, New Delhi - DPCC",2026-05-23 17:00:00+00:00,108.0,78.72918
"Anand Vihar, New Delhi - DPCC",2026-05-23 19:00:00+00:00,91.0,74.79596
"Anand Vihar, New Delhi - DPCC",2026-05-23 20:00:00+00:00,68.0,67.06758
"Anand Vihar, New Delhi - DPCC",2026-05-23 21:00:00+00:00,66.0,77.65229
"Anand Vihar, New Delhi - DPCC",2026-05-23 22:00:00+00:00,69.5,70.92515
"Anand Vihar, New Delhi - DPCC",2026-05-23 23:00:00+00:00,76.5,72.246796
"Anand Vihar, New Delhi - DPCC",2026-05-24 00:00:00+00:00,81.0,83.5968
"Anand Vihar, New Delhi - DPCC",2026-05-24 01:00:00+00:00,79.5,89.14577
"Anand Vihar, New Delhi - DPCC",2026-05-24 02:00:00+00:00,78.0,98.23104
"Anand Vihar, New Delhi - DPCC",2026-05-24 03:00:00+00:00,89.0,85.86296
"Anand Vihar, New Delhi - DPCC",2026-05-24 04:00:00+00:00,99.5,75.55834
"Anand Vihar, New Delhi - DPCC",2026-05-24 05:00:00+00:00,96.0,66.076935
"Anand Vihar, New Delhi - DPCC",2026-05-24 06:00:00+00:00,172.0,57.255085
"Anand Vihar, New Delhi - DPCC",2026-05-24 07:00:00+00:00,155.0,53.668804
"Anand Vihar, New Delhi - DPCC",2026-05-24 08:00:00+00:00,130.0,60.843227
"Anand Vihar, New Delhi - DPCC",2026-05-24 09:00:00+00:00,107.0,49.01453
"Anand Vihar, New Delhi - DPCC",2026-05-24 10:00:00+00:00,94.5,54.600376
"Anand Vihar, New Delhi - DPCC",2026-05-24 11:00:00+00:00,89.7,61.047363
"Anand Vihar, New Delhi - DPCC",2026-05-24 12:00:00+00:00,87.5,70.849915
"Anand Vihar, New Delhi - DPCC",2026-05-24 13:00:00+00:00,91.0,76.172356
"Anand Vihar, New Delhi - DPCC",2026-05-24 14:00:00+00:00,119.0,72.2981
"Anand Vihar, New Delhi - DPCC",2026-05-24 15:00:00+00:00,148.0,91.75671
"Anand Vihar, New Delhi - DPCC",2026-05-24 16:00:00+00:00,154.0,92.66232
"Anand Vihar, New Delhi - DPCC",2026-05-24 17:00:00+00:00,156.0,84.63884
"Anand Vihar, New Delhi - DPCC",2026-05-24 18:00:00+00:00,152.0,79.46653
"Anand Vihar, New Delhi - DPCC",2026-05-24 19:00:00+00:00,158.0,88.82596
"Anand Vihar, New Delhi - DPCC",2026-05-24 20:00:00+00:00,130.0,80.4593
"Anand Vihar, New Delhi - DPCC",2026-05-24 21:00:00+00:00,101.0,68.604065
"Anand Vihar, New Delhi - DPCC",2026-05-24 22:00:00+00:00,96.5,71.151566
"Anand Vihar, New Delhi - DPCC",2026-05-24 23:00:00+00:00,81.5,75.63147
"Anand Vihar, New Delhi - DPCC",2026-05-25 00:00:00+00:00,86.0,75.18577
"Anand Vihar, New Delhi - DPCC",2026-05-25 01:00:00+00:00,120.0,77.32024
"Anand Vihar, New Delhi - DPCC",2026-05-25 02:00:00+00:00,132.0,78.86493
"Anand Vihar, New Delhi - DPCC",2026-05-25 03:00:00+00:00,119.0,76.84325
"Anand Vihar, New Delhi - DPCC",2026-05-25 04:00:00+00:00,99.0,78.51119
"Anand Vihar, New Delhi - DPCC",2026-05-25 05:00:00+00:00,86.0,79.84273
"Anand Vihar, New Delhi - DPCC",2026-05-25 06:00:00+00:00,74.0,110.46882
"Anand Vihar, New Delhi - DPCC",2026-05-25 07:00:00+00:00,95.7,79.84303
"Anand Vihar, New Delhi - DPCC",2026-05-25 08:00:00+00:00,107.0,66.73091
"Anand Vihar, New Delhi - DPCC",2026-05-25 09:00:00+00:00,74.7,76.0447
"Anand Vihar, New Delhi - DPCC",2026-05-25 10:00:00+00:00,57.5,77.53085
"Anand Vihar, New Delhi - DPCC",2026-05-25 11:00:00+00:00,52.5,77.431366
"Anand Vihar, New Delhi - DPCC",2026-05-25 12:00:00+00:00,49.0,94.131386
"Anand Vihar, New Delhi - DPCC",2026-05-25 13:00:00+00:00,68.0,79.562515
"Anand Vihar, New Delhi - DPCC",2026-05-25 14:00:00+00:00,103.0,106.22455
"Anand Vihar, New Delhi - DPCC",2026-05-25 15:00:00+00:00,116.0,116.32124
"Anand Vihar, New Delhi - DPCC",2026-05-25 16:00:00+00:00,126.0,114.17745
"Anand Vihar, New Delhi - DPCC",2026-05-25 17:00:00+00:00,116.0,116.523056
"Anand Vihar, New Delhi - DPCC",2026-05-25 18:00:00+00:00,78.0,100.63069
"Anand Vihar, New Delhi - DPCC",2026-05-25 19:00:00+00:00,89.0,117.698494
"Anand Vihar, New Delhi - DPCC",2026-05-25 20:00:00+00:00,99.5,95.53516
"Anand Vihar, New Delhi - DPCC",2026-05-25 21:00:00+00:00,95.0,96.5813
"Anand Vihar, New Delhi - DPCC",2026-05-25 22:00:00+00:00,92.5,101.088234
"Anand Vihar, New Delhi - DPCC",2026-05-25 23:00:00+00:00,115.0,103.24495
"Anand Vihar, New Delhi - DPCC",2026-05-26 00:00:00+00:00,147.0,94.08396
"Anand Vihar, New Delhi - DPCC",2026-05-26 01:00:00+00:00,147.0,75.34433
"Anand Vihar, New Delhi - DPCC",2026-05-26 02:00:00+00:00,131.0,81.58088
"Anand Vihar, New Delhi - DPCC",2026-05-26 03:00:00+00:00,109.0,83.68992
"Anand Vihar, New Delhi - DPCC",2026-05-26 04:00:00+00:00,113.0,75.81809
"Anand Vihar, New Delhi - DPCC",2026-05-26 05:00:00+00:00,130.0,77.62417
"Anand Vihar, New Delhi - DPCC",2026-05-26 06:00:00+00:00,113.0,102.22254
"Anand Vihar, New Delhi - DPCC",2026-05-26 07:00:00+00:00,46.0,109.101456
"Anand Vihar, New Delhi - DPCC",2026-05-26 08:00:00+00:00,49.0,78.82325
"Anand Vihar, New Delhi - DPCC",2026-05-26 09:00:00+00:00,68.0,94.37709
"Anand Vihar, New Delhi - DPCC",2026-05-26 10:00:00+00:00,86.0,74.93337
"Anand Vihar, New Delhi - DPCC",2026-05-26 11:00:00+00:00,141.0,81.14362
"Anand Vihar, New Delhi - DPCC",2026-05-26 12:00:00+00:00,191.0,109.2089
"Anand Vihar, New Delhi - DPCC",2026-05-26 13:00:00+00:00,199.0,122.76502
"Anand Vihar, New Delhi - DPCC",2026-05-26 14:00:00+00:00,184.0,116.31543
"Anand Vihar, New Delhi - DPCC",2026-05-26 15:00:00+00:00,137.0,118.08085
"Anand Vihar, New Delhi - DPCC",2026-05-26 16:00:00+00:00,110.0,126.03538
"Anand Vihar, New Delhi - DPCC",2026-05-26 17:00:00+00:00,98.5,109.418915
"Anand Vihar, New Delhi - DPCC",2026-05-26 18:00:00+00:00,94.5,103.42284
"Anand Vihar, New Delhi - DPCC",2026-05-26 19:00:00+00:00,102.0,102.58552
"Anand Vihar, New Delhi - DPCC",2026-05-26 20:00:00+00:00,101.0,90.99799
"Anand Vihar, New Delhi - DPCC",2026-05-26 21:00:00+00:00,85.5,100.28283
"Anand Vihar, New Delhi - DPCC",2026-05-26 22:00:00+00:00,76.0,102.05731
"Anand Vihar, New Delhi - DPCC",2026-05-26 23:00:00+00:00,87.5,90.219986
"Anand Vihar, New Delhi - DPCC",2026-05-27 00:00:00+00:00,107.0,89.6962
"Anand Vihar, New Delhi - DPCC",2026-05-27 01:00:00+00:00,93.0,98.14688
"Anand Vihar, New Delhi - DPCC",2026-05-27 02:00:00+00:00,69.5,102.14302
"Anand Vihar, New Delhi - DPCC",2026-05-27 03:00:00+00:00,64.5,92.9184
"Anand Vihar, New Delhi - DPCC",2026-05-27 04:00:00+00:00,63.0,93.345955
"Anand Vihar, New Delhi - DPCC",2026-05-27 05:00:00+00:00,62.0,93.460175
"Anand Vihar, New Delhi - DPCC",2026-05-27 06:00:00+00:00,65.0,79.5369
"Anand Vihar, New Delhi - DPCC",2026-05-27 11:00:00+00:00,70.3,87.025696
"Anand Vihar, New Delhi - DPCC",2026-05-27 12:00:00+00:00,56.0,113.90664
"Anand Vihar, New Delhi - DPCC",2026-05-27 13:00:00+00:00,53.3,94.297485
"Anand Vihar, New Delhi - DPCC",2026-05-27 14:00:00+00:00,18.0,98.95421
"Anand Vihar, New Delhi - DPCC",2026-05-27 15:00:00+00:00,36.0,96.9719
"Anand Vihar, New Delhi - DPCC",2026-05-27 16:00:00+00:00,31.3,96.55323
"Anand Vihar, New Delhi - DPCC",2026-05-27 17:00:00+00:00,29.0,96.70108
"Anand Vihar, New Delhi - DPCC",2026-05-27 18:00:00+00:00,19.0,119.56058
"Anand Vihar, New Delhi - DPCC",2026-05-27 19:00:00+00:00,33.0,104.55317
"Anand Vihar, New Delhi - DPCC",2026-05-27 20:00:00+00:00,48.5,89.719055
"Anand Vihar, New Delhi - DPCC",2026-05-27 21:00:00+00:00,39.5,98.438156
"Anand Vihar, New Delhi - DPCC",2026-05-27 22:00:00+00:00,39.0,100.33471
"Anand Vihar, New Delhi - DPCC",2026-05-27 23:00:00+00:00,39.5,117.291145
"Anand Vihar, New Delhi - DPCC",2026-05-28 00:00:00+00:00,42.5,103.16304
"Anand Vihar, New Delhi - DPCC",2026-05-28 01:00:00+00:00,45.0,88.668045
"Anand Vihar, New Delhi - DPCC",2026-05-28 02:00:00+00:00,57.7,80.754265
"Anand Vihar, New Delhi - DPCC",2026-05-28 03:00:00+00:00,59.0,77.53993
"Anand Vihar, New Delhi - DPCC",2026-05-28 04:00:00+00:00,56.0,79.51503
"Anand Vihar, New Delhi - DPCC",2026-05-28 05:00:00+00:00,43.5,84.14721
"Anand Vihar, New Delhi - DPCC",2026-05-28 06:00:00+00:00,31.0,74.553444
"Anand Vihar, New Delhi - DPCC",2026-05-28 07:00:00+00:00,52.0,72.713326
"Anand Vihar, New Delhi - DPCC",2026-05-28 08:00:00+00:00,43.0,70.2616
"Anand Vihar, New Delhi - DPCC",2026-05-28 09:00:00+00:00,31.0,72.30468
"Anand Vihar, New Delhi - DPCC",2026-05-28 10:00:00+00:00,34.0,70.93271
"Anand Vihar, New Delhi - DPCC",2026-05-28 11:00:00+00:00,27.0,61.596058
"Anand Vihar, New Delhi - DPCC",2026-05-28 12:00:00+00:00,17.0,67.51653
"Anand Vihar, New Delhi - DPCC",2026-05-28 13:00:00+00:00,16.0,77.38939
"Anand Vihar, New Delhi - DPCC",2026-05-28 14:00:00+00:00,12.5,81.442276
"Anand Vihar, New Delhi - DPCC",2026-05-28 16:00:00+00:00,16.3,68.555885
"Anand Vihar, New Delhi - DPCC",2026-05-28 17:00:00+00:00,20.0,76.912476
"Anand Vihar, New Delhi - DPCC",2026-05-28 18:00:00+00:00,22.5,70.06091
"Anand Vihar, New Delhi - DPCC",2026-05-28 19:00:00+00:00,24.0,59.918297
"Anand Vihar, New Delhi - DPCC",2026-05-28 20:00:00+00:00,23.0,58.778927
"Anand Vihar, New Delhi - DPCC",2026-05-28 21:00:00+00:00,23.5,59.335247
"Anand Vihar, New Delhi - DPCC",2026-05-28 22:00:00+00:00,29.0,48.46034
"Anand Vihar, New Delhi - DPCC",2026-05-28 23:00:00+00:00,34.0,45.49668
"Anand Vihar, New Delhi - DPCC",2026-05-29 00:00:00+00:00,34.5,57.95553
"Anand Vihar, New Delhi - DPCC",2026-05-29 01:00:00+00:00,32.5,56.379696
"Anand Vihar, New Delhi - DPCC",2026-05-29 02:00:00+00:00,27.7,45.157032
"Anand Vihar, New Delhi - DPCC",2026-05-29 04:00:00+00:00,31.5,50.17553
"Anand Vihar, New Delhi - DPCC",2026-05-29 05:00:00+00:00,37.5,52.574005
"Anand Vihar, New Delhi - DPCC",2026-05-29 06:00:00+00:00,35.0,53.664215
"Anand Vihar, New Delhi - DPCC",2026-05-29 07:00:00+00:00,28.0,61.39706
"Anand Vihar, New Delhi - DPCC",2026-05-29 08:00:00+00:00,28.5,63.886784
"Anand Vihar, New Delhi - DPCC",2026-05-29 09:00:00+00:00,40.5,57.72795
"Anand Vihar, New Delhi - DPCC",2026-05-29 10:00:00+00:00,47.0,62.802803
"Anand Vihar, New Delhi - DPCC",2026-05-29 11:00:00+00:00,23.7,61.378914
"Anand Vihar, New Delhi - DPCC",2026-05-29 12:00:00+00:00,28.0,61.63991
"Anand Vihar, New Delhi - DPCC",2026-05-29 13:00:00+00:00,32.5,68.43542
"Anand Vihar, New Delhi - DPCC",2026-05-29 14:00:00+00:00,31.0,65.554245
"Anand Vihar, New Delhi - DPCC",2026-05-29 15:00:00+00:00,36.0,59.816498
"Anand Vihar, New Delhi - DPCC",2026-05-29 16:00:00+00:00,39.0,65.304825
"Anand Vihar, New Delhi - DPCC",2026-05-29 17:00:00+00:00,27.0,57.111988
"Anand Vihar, New Delhi - DPCC",2026-05-29 18:00:00+00:00,38.5,42.409454
"Anand Vihar, New Delhi - DPCC",2026-05-29 19:00:00+00:00,49.0,51.599274
"Anand Vihar, New Delhi - DPCC",2026-05-29 20:00:00+00:00,53.3,76.55047
"Anand Vihar, New Delhi - DPCC",2026-05-29 21:00:00+00:00,48.0,75.00911
"Anand Vihar, New Delhi - DPCC",2026-05-29 22:00:00+00:00,40.3,78.60602
"Anand Vihar, New Delhi - DPCC",2026-05-29 23:00:00+00:00,46.7,70.1904
"Anand Vihar, New Delhi - DPCC",2026-05-30 00:00:00+00:00,54.5,67.74829
"Anand Vihar, New Delhi - DPCC",2026-05-30 01:00:00+00:00,47.5,63.9427
"Anand Vihar, New Delhi - DPCC",2026-05-30 02:00:00+00:00,44.5,62.76569
"Anand Vihar, New Delhi - DPCC",2026-05-30 03:00:00+00:00,45.0,69.79071
"Anand Vihar, New Delhi - DPCC",2026-05-30 04:00:00+00:00,49.7,57.409866
"Anand Vihar, New Delhi - DPCC",2026-05-30 05:00:00+00:00,55.5,50.46136
"Anand Vihar, New Delhi - DPCC",2026-05-30 06:00:00+00:00,69.7,47.531357
"Anand Vihar, New Delhi - DPCC",2026-05-31 02:00:00+00:00,50.0,51.356663
"Anand Vihar, New Delhi - DPCC",2026-05-31 08:00:00+00:00,29.3,47.8218
"Anand Vihar, New Delhi - DPCC",2026-05-31 09:00:00+00:00,19.0,57.64863
"Anand Vihar, New Delhi - DPCC",2026-05-31 10:00:00+00:00,39.0,49.181633
"Anand Vihar, New Delhi - DPCC",2026-05-31 12:00:00+00:00,35.0,52.013546
"Anand Vihar, New Delhi - DPCC",2026-05-31 13:00:00+00:00,44.0,47.20989
"Anand Vihar, New Delhi - DPCC",2026-05-31 14:00:00+00:00,61.5,49.559906
"Anand Vihar, New Delhi - DPCC",2026-05-31 15:00:00+00:00,60.0,45.616135
"Anand Vihar, New Delhi - DPCC",2026-05-31 16:00:00+00:00,55.0,44.19985
"Anand Vihar, New Delhi - DPCC",2026-05-31 17:00:00+00:00,64.0,42.150055
"Anand Vihar, New Delhi - DPCC",2026-05-31 18:00:00+00:00,68.3,51.768063
"Anand Vihar, New Delhi - DPCC",2026-05-31 19:00:00+00:00,50.3,46.88063
"Anand Vihar, New Delhi - DPCC",2026-05-31 20:00:00+00:00,12.0,42.68165
"Anand Vihar, New Delhi - DPCC",2026-05-31 21:00:00+00:00,11.5,42.860764
"Anand Vihar, New Delhi - DPCC",2026-05-31 22:00:00+00:00,22.7,45.533234
"Anand Vihar, New Delhi - DPCC",2026-05-31 23:00:00+00:00,67.3,54.229637
"Anand Vihar, New Delhi - DPCC",2026-06-01 00:00:00+00:00,75.0,48.80125
"Anand Vihar, New Delhi - DPCC",2026-06-01 01:00:00+00:00,52.0,50.485996
"Anand Vihar, New Delhi - DPCC",2026-06-01 02:00:00+00:00,49.0,49.488033
"Anand Vihar, New Delhi - DPCC",2026-06-01 03:00:00+00:00,56.0,46.87327
"Anand Vihar, New Delhi - DPCC",2026-06-01 04:00:00+00:00,53.5,51.0626
"Anand Vihar, New Delhi - DPCC",2026-06-01 06:00:00+00:00,33.3,54.8786
"Anand Vihar, New Delhi - DPCC",2026-06-01 07:00:00+00:00,23.0,57.08131
"Anand Vihar, New Delhi - DPCC",2026-06-01 08:00:00+00:00,36.5,59.35295
"Anand Vihar, New Delhi - DPCC",2026-06-01 09:00:00+00:00,57.0,57.434673
"Anand Vihar, New Delhi - DPCC",2026-06-01 10:00:00+00:00,89.0,59.91995
"Anand Vihar, New Delhi - DPCC",2026-06-01 11:00:00+00:00,108.0,65.56826
"Anand Vihar, New Delhi - DPCC",2026-06-01 13:00:00+00:00,86.5,60.81247
"Anand Vihar, New Delhi - DPCC",2026-06-01 14:00:00+00:00,88.5,52.17562
"Anand Vihar, New Delhi - DPCC",2026-06-01 15:00:00+00:00,113.0,45.295506
"Anand Vihar, New Delhi - DPCC",2026-06-01 16:00:00+00:00,77.0,50.14504
"Anand Vihar, New Delhi - DPCC",2026-06-01 17:00:00+00:00,29.0,49.882008
"Anand Vihar, New Delhi - DPCC",2026-06-01 18:00:00+00:00,32.5,63.060627
"Anand Vihar, New Delhi - DPCC",2026-06-02 04:00:00+00:00,48.5,53.175392
"Anand Vihar, New Delhi - DPCC",2026-06-02 05:00:00+00:00,55.0,51.736034
"Anand Vihar, New Delhi - DPCC",2026-06-02 06:00:00+00:00,80.0,55.33649
"Anand Vihar, New Delhi - DPCC",2026-06-02 07:00:00+00:00,87.0,65.0184
"Anand Vihar, New Delhi - DPCC",2026-06-02 08:00:00+00:00,72.0,72.3791
"Anand Vihar, New Delhi - DPCC",2026-06-02 09:00:00+00:00,62.5,60.528984
"Anand Vihar, New Delhi - DPCC",2026-06-02 11:00:00+00:00,44.5,47.467487
"Anand Vihar, New Delhi - DPCC",2026-06-02 12:00:00+00:00,42.0,54.302677
"Anand Vihar, New Delhi - DPCC",2026-06-02 13:00:00+00:00,59.3,49.034515
"Anand Vihar, New Delhi - DPCC",2026-06-02 14:00:00+00:00,68.0,58.27959
"Anand Vihar, New Delhi - DPCC",2026-06-02 15:00:00+00:00,75.3,60.184795
"Punjabi Bagh, Delhi - DPCC",2026-05-21 23:00:00+00:00,127.0,71.9249
"Punjabi Bagh, Delhi - DPCC",2026-05-22 00:00:00+00:00,60.0,69.399025
"Punjabi Bagh, Delhi - DPCC",2026-05-22 01:00:00+00:00,30.8,63.916924
"Punjabi Bagh, Delhi - DPCC",2026-05-22 02:00:00+00:00,33.8,55.505993
"Punjabi Bagh, Delhi - DPCC",2026-05-22 03:00:00+00:00,38.5,53.45458
"Punjabi Bagh, Delhi - DPCC",2026-05-22 06:00:00+00:00,44.8,58.620777
"Punjabi Bagh, Delhi - DPCC",2026-05-22 07:00:00+00:00,42.5,54.72076
"Punjabi Bagh, Delhi - DPCC",2026-05-22 08:00:00+00:00,51.7,58.201046
"Punjabi Bagh, Delhi - DPCC",2026-05-22 09:00:00+00:00,58.8,60.191788
"Punjabi Bagh, Delhi - DPCC",2026-05-22 10:00:00+00:00,50.3,58.670002
"Punjabi Bagh, Delhi - DPCC",2026-05-22 11:00:00+00:00,46.5,57.133915
"Punjabi Bagh, Delhi - DPCC",2026-05-22 12:00:00+00:00,50.8,59.829323
"Punjabi Bagh, Delhi - DPCC",2026-05-22 13:00:00+00:00,52.0,54.66052
"Punjabi Bagh, Delhi - DPCC",2026-05-22 14:00:00+00:00,59.3,62.21951
"Punjabi Bagh, Delhi - DPCC",2026-05-22 15:00:00+00:00,59.3,61.92944
"Punjabi Bagh, Delhi - DPCC",2026-05-22 16:00:00+00:00,48.0,71.51606
"Punjabi Bagh, Delhi - DPCC",2026-05-22 17:00:00+00:00,80.5,65.500916
"Punjabi Bagh, Delhi - DPCC",2026-05-22 19:00:00+00:00,75.8,63.754124
"Punjabi Bagh, Delhi - DPCC",2026-05-22 20:00:00+00:00,83.8,60.687504
"Punjabi Bagh, Delhi - DPCC",2026-05-22 21:00:00+00:00,109.0,64.098694
"Punjabi Bagh, Delhi - DPCC",2026-05-22 22:00:00+00:00,132.0,77.1938
"Punjabi Bagh, Delhi - DPCC",2026-05-22 23:00:00+00:00,126.0,85.392426
"Punjabi Bagh, Delhi - DPCC",2026-05-23 00:00:00+00:00,113.0,94.10096
"Punjabi Bagh, Delhi - DPCC",2026-05-23 01:00:00+00:00,120.0,98.555565
"Punjabi Bagh, Delhi - DPCC",2026-05-23 02:00:00+00:00,127.0,96.11196
"Punjabi Bagh, Delhi - DPCC",2026-05-23 03:00:00+00:00,64.3,65.409424
"Punjabi Bagh, Delhi - DPCC",2026-05-23 04:00:00+00:00,45.0,52.986782
"Punjabi Bagh, Delhi - DPCC",2026-05-23 05:00:00+00:00,32.0,55.17167
"Punjabi Bagh, Delhi - DPCC",2026-05-23 06:00:00+00:00,35.5,43.425514
"Punjabi Bagh, Delhi - DPCC",2026-05-23 07:00:00+00:00,30.5,46.023647
"Punjabi Bagh, Delhi - DPCC",2026-05-23 08:00:00+00:00,34.0,58.040012
"Punjabi Bagh, Delhi - DPCC",2026-05-23 09:00:00+00:00,24.8,48.313457
"Punjabi Bagh, Delhi - DPCC",2026-05-23 10:00:00+00:00,33.5,58.314697
"Punjabi Bagh, Delhi - DPCC",2026-05-23 11:00:00+00:00,33.0,61.034996
"Punjabi Bagh, Delhi - DPCC",2026-05-23 12:00:00+00:00,33.0,36.377834
"Punjabi Bagh, Delhi - DPCC",2026-05-23 13:00:00+00:00,50.5,54.326874
"Punjabi Bagh, Delhi - DPCC",2026-05-23 14:00:00+00:00,79.3,61.13936
"Punjabi Bagh, Delhi - DPCC",2026-05-23 15:00:00+00:00,62.0,64.6923
"Punjabi Bagh, Delhi - DPCC",2026-05-23 16:00:00+00:00,51.0,64.18194
"Punjabi Bagh, Delhi - DPCC",2026-05-23 17:00:00+00:00,52.0,63.446342
"Punjabi Bagh, Delhi - DPCC",2026-05-23 19:00:00+00:00,52.0,55.227055
"Punjabi Bagh, Delhi - DPCC",2026-05-23 20:00:00+00:00,86.0,52.734776
"Punjabi Bagh, Delhi - DPCC",2026-05-23 21:00:00+00:00,86.0,68.25879
"Punjabi Bagh, Delhi - DPCC",2026-05-23 22:00:00+00:00,113.0,95.21664
"Punjabi Bagh, Delhi - DPCC",2026-05-23 23:00:00+00:00,113.0,108.65885
"Punjabi Bagh, Delhi - DPCC",2026-05-24 00:00:00+00:00,97.8,110.49505
"Punjabi Bagh, Delhi - DPCC",2026-05-24 01:00:00+00:00,81.0,119.71669
"Punjabi Bagh, Delhi - DPCC",2026-05-24 02:00:00+00:00,68.5,106.00723
"Punjabi Bagh, Delhi - DPCC",2026-05-24 03:00:00+00:00,69.0,88.11698
"Punjabi Bagh, Delhi - DPCC",2026-05-24 04:00:00+00:00,75.0,69.60689
"Punjabi Bagh, Delhi - DPCC",2026-05-24 05:00:00+00:00,75.0,42.069614
"Punjabi Bagh, Delhi - DPCC",2026-05-24 06:00:00+00:00,64.0,38.390953
"Punjabi Bagh, Delhi - DPCC",2026-05-24 07:00:00+00:00,56.8,39.10251
"Punjabi Bagh, Delhi - DPCC",2026-05-24 08:00:00+00:00,31.8,48.962303
"Punjabi Bagh, Delhi - DPCC",2026-05-24 09:00:00+00:00,22.0,52.22344
"Punjabi Bagh, Delhi - DPCC",2026-05-24 10:00:00+00:00,28.7,52.7873
"Punjabi Bagh, Delhi - DPCC",2026-05-24 11:00:00+00:00,27.3,50.704037
"Punjabi Bagh, Delhi - DPCC",2026-05-24 12:00:00+00:00,23.8,77.97329
"Punjabi Bagh, Delhi - DPCC",2026-05-24 13:00:00+00:00,18.5,50.32537
"Punjabi Bagh, Delhi - DPCC",2026-05-24 14:00:00+00:00,17.3,61.263535
"Punjabi Bagh, Delhi - DPCC",2026-05-24 15:00:00+00:00,34.0,61.5776
"Punjabi Bagh, Delhi - DPCC",2026-05-24 16:00:00+00:00,62.0,58.746826
"Punjabi Bagh, Delhi - DPCC",2026-05-24 18:00:00+00:00,60.3,55.963226
"Punjabi Bagh, Delhi - DPCC",2026-05-24 20:00:00+00:00,55.0,57.24971
"Punjabi Bagh, Delhi - DPCC",2026-05-24 21:00:00+00:00,58.0,60.473976
"Punjabi Bagh, Delhi - DPCC",2026-05-25 00:00:00+00:00,61.5,62.005592
"Punjabi Bagh, Delhi - DPCC",2026-05-25 01:00:00+00:00,58.0,60.80932
"Punjabi Bagh, Delhi - DPCC",2026-05-25 06:00:00+00:00,72.8,65.75594
"Punjabi Bagh, Delhi - DPCC",2026-05-25 07:00:00+00:00,115.0,79.03062
"Punjabi Bagh, Delhi - DPCC",2026-05-25 09:00:00+00:00,136.0,79.50849
"Punjabi Bagh, Delhi - DPCC",2026-05-25 10:00:00+00:00,127.0,66.27603
"Punjabi Bagh, Delhi - DPCC",2026-05-25 11:00:00+00:00,108.0,56.788464
"Punjabi Bagh, Delhi - DPCC",2026-05-25 12:00:00+00:00,155.0,53.7005
"Punjabi Bagh, Delhi - DPCC",2026-05-25 13:00:00+00:00,170.0,81.128235
"Punjabi Bagh, Delhi - DPCC",2026-05-25 14:00:00+00:00,147.0,106.61373
"Punjabi Bagh, Delhi - DPCC",2026-05-26 05:00:00+00:00,86.0,54.556156
"Punjabi Bagh, Delhi - DPCC",2026-05-26 06:00:00+00:00,38.8,56.634403
"Punjabi Bagh, Delhi - DPCC",2026-05-26 07:00:00+00:00,46.0,44.472057
"Punjabi Bagh, Delhi - DPCC",2026-05-26 08:00:00+00:00,42.3,43.011543
"Punjabi Bagh, Delhi - DPCC",2026-05-26 09:00:00+00:00,30.3,38.478645
"Punjabi Bagh, Delhi - DPCC",2026-05-26 10:00:00+00:00,28.5,40.33537
"Punjabi Bagh, Delhi - DPCC",2026-05-26 11:00:00+00:00,35.0,34.336826
"Punjabi Bagh, Delhi - DPCC",2026-05-26 12:00:00+00:00,56.3,37.68722
"Punjabi Bagh, Delhi - DPCC",2026-05-26 13:00:00+00:00,75.0,77.030594
"Punjabi Bagh, Delhi - DPCC",2026-05-26 14:00:00+00:00,115.0,74.033516
"Punjabi Bagh, Delhi - DPCC",2026-05-26 15:00:00+00:00,120.0,62.813274
"Punjabi Bagh, Delhi - DPCC",2026-05-26 16:00:00+00:00,110.0,65.20446
"Punjabi Bagh, Delhi - DPCC",2026-05-26 17:00:00+00:00,84.5,72.56813
"Punjabi Bagh, Delhi - DPCC",2026-05-26 18:00:00+00:00,76.0,55.280647
"Punjabi Bagh, Delhi - DPCC",2026-05-26 19:00:00+00:00,65.0,60.570694
"Punjabi Bagh, Delhi - DPCC",2026-05-26 20:00:00+00:00,73.5,54.129242
"Punjabi Bagh, Delhi - DPCC",2026-05-26 21:00:00+00:00,89.0,60.241173
"Punjabi Bagh, Delhi - DPCC",2026-05-26 22:00:00+00:00,87.0,83.73936
"Punjabi Bagh, Delhi - DPCC",2026-05-26 23:00:00+00:00,90.3,103.41072
"Punjabi Bagh, Delhi - DPCC",2026-05-27 00:00:00+00:00,86.8,112.690414
"Punjabi Bagh, Delhi - DPCC",2026-05-27 01:00:00+00:00,73.8,106.96853
"Punjabi Bagh, Delhi - DPCC",2026-05-27 02:00:00+00:00,73.0,103.90565
"Punjabi Bagh, Delhi - DPCC",2026-05-27 03:00:00+00:00,74.5,100.39612
"Punjabi Bagh, Delhi - DPCC",2026-05-27 04:00:00+00:00,76.0,79.14702
"Punjabi Bagh, Delhi - DPCC",2026-05-27 05:00:00+00:00,65.0,64.7191
"Punjabi Bagh, Delhi - DPCC",2026-05-27 06:00:00+00:00,54.5,73.66585
"Punjabi Bagh, Delhi - DPCC",2026-05-27 11:00:00+00:00,49.3,43.99339
"Punjabi Bagh, Delhi - DPCC",2026-05-27 12:00:00+00:00,50.0,41.385654
"Punjabi Bagh, Delhi - DPCC",2026-05-27 13:00:00+00:00,40.3,58.99524
"Punjabi Bagh, Delhi - DPCC",2026-05-27 14:00:00+00:00,11.0,78.666405
"Punjabi Bagh, Delhi - DPCC",2026-05-27 15:00:00+00:00,34.0,97.88245
"Punjabi Bagh, Delhi - DPCC",2026-05-27 16:00:00+00:00,34.0,89.18495
"Punjabi Bagh, Delhi - DPCC",2026-05-27 17:00:00+00:00,8.0,65.95234
"Punjabi Bagh, Delhi - DPCC",2026-05-27 18:00:00+00:00,2.25,75.13618
"Punjabi Bagh, Delhi - DPCC",2026-05-27 19:00:00+00:00,12.3,91.20303
"Punjabi Bagh, Delhi - DPCC",2026-05-27 20:00:00+00:00,42.0,79.24807
"Punjabi Bagh, Delhi - DPCC",2026-05-27 21:00:00+00:00,42.3,73.010254
"Punjabi Bagh, Delhi - DPCC",2026-05-27 22:00:00+00:00,23.8,67.550995
"Punjabi Bagh, Delhi - DPCC",2026-05-27 23:00:00+00:00,20.8,77.53602
"Punjabi Bagh, Delhi - DPCC",2026-05-28 00:00:00+00:00,27.5,71.4395
"Punjabi Bagh, Delhi - DPCC",2026-05-28 01:00:00+00:00,37.0,74.54253
"Punjabi Bagh, Delhi - DPCC",2026-05-28 02:00:00+00:00,27.0,66.0864
"Punjabi Bagh, Delhi - DPCC",2026-05-28 03:00:00+00:00,33.0,63.992405
"Punjabi Bagh, Delhi - DPCC",2026-05-28 04:00:00+00:00,39.0,62.40019
"Punjabi Bagh, Delhi - DPCC",2026-05-28 05:00:00+00:00,42.5,68.37702
"Punjabi Bagh, Delhi - DPCC",2026-05-28 06:00:00+00:00,38.0,70.92933
"Punjabi Bagh, Delhi - DPCC",2026-05-28 07:00:00+00:00,20.0,57.082603
"Punjabi Bagh, Delhi - DPCC",2026-05-28 08:00:00+00:00,19.3,57.685486
"Punjabi Bagh, Delhi - DPCC",2026-05-28 09:00:00+00:00,20.0,57.268475
"Punjabi Bagh, Delhi - DPCC",2026-05-28 10:00:00+00:00,26.3,52.308
"Punjabi Bagh, Delhi - DPCC",2026-05-28 11:00:00+00:00,17.5,51.135128
"Punjabi Bagh, Delhi - DPCC",2026-05-28 12:00:00+00:00,16.0,53.485977
"Punjabi Bagh, Delhi - DPCC",2026-05-28 13:00:00+00:00,16.0,43.833973
"Punjabi Bagh, Delhi - DPCC",2026-05-28 14:00:00+00:00,15.0,48.884193
"Punjabi Bagh, Delhi - DPCC",2026-05-28 16:00:00+00:00,12.0,57.31808
"Punjabi Bagh, Delhi - DPCC",2026-05-28 17:00:00+00:00,12.0,53.99648
"Punjabi Bagh, Delhi - DPCC",2026-05-28 18:00:00+00:00,10.5,58.76719
"Punjabi Bagh, Delhi - DPCC",2026-05-28 19:00:00+00:00,10.3,105.63748
"Punjabi Bagh, Delhi - DPCC",2026-05-28 20:00:00+00:00,14.8,100.897545
"Punjabi Bagh, Delhi - DPCC",2026-05-28 21:00:00+00:00,16.8,118.29708
"Punjabi Bagh, Delhi - DPCC",2026-05-28 22:00:00+00:00,19.0,107.648476
"Punjabi Bagh, Delhi - DPCC",2026-05-28 23:00:00+00:00,23.8,60.904522
"Punjabi Bagh, Delhi - DPCC",2026-05-29 00:00:00+00:00,13.8,54.629993
"Punjabi Bagh, Delhi - DPCC",2026-05-29 01:00:00+00:00,21.0,45.696667
"Punjabi Bagh, Delhi - DPCC",2026-05-29 02:00:00+00:00,15.8,39.669838
"Punjabi Bagh, Delhi - DPCC",2026-05-29 03:00:00+00:00,9.75,39.177307
"Punjabi Bagh, Delhi - DPCC",2026-05-29 04:00:00+00:00,17.5,38.84171
"Punjabi Bagh, Delhi - DPCC",2026-05-29 05:00:00+00:00,32.8,45.174973
"Punjabi Bagh, Delhi - DPCC",2026-05-29 07:00:00+00:00,29.0,40.01296
"Punjabi Bagh, Delhi - DPCC",2026-05-29 08:00:00+00:00,23.3,45.845016
"Punjabi Bagh, Delhi - DPCC",2026-05-29 09:00:00+00:00,16.5,46.136402
"Punjabi Bagh, Delhi - DPCC",2026-05-29 10:00:00+00:00,26.8,41.98688
"Punjabi Bagh, Delhi - DPCC",2026-05-29 11:00:00+00:00,19.5,40.599857
"Punjabi Bagh, Delhi - DPCC",2026-05-29 12:00:00+00:00,26.0,34.191208
"Punjabi Bagh, Delhi - DPCC",2026-05-29 13:00:00+00:00,21.8,36.70724
"Punjabi Bagh, Delhi - DPCC",2026-05-29 14:00:00+00:00,22.5,46.06944
"Punjabi Bagh, Delhi - DPCC",2026-05-29 15:00:00+00:00,38.0,50.231678
"Punjabi Bagh, Delhi - DPCC",2026-05-29 16:00:00+00:00,44.5,52.71557
"Punjabi Bagh, Delhi - DPCC",2026-05-29 17:00:00+00:00,46.0,53.71123
"Punjabi Bagh, Delhi - DPCC",2026-05-29 18:00:00+00:00,26.0,50.097855
"Punjabi Bagh, Delhi - DPCC",2026-05-29 19:00:00+00:00,19.8,46.21474
"Punjabi Bagh, Delhi - DPCC",2026-05-29 20:00:00+00:00,13.0,52.258907
"Punjabi Bagh, Delhi - DPCC",2026-05-29 21:00:00+00:00,12.5,59.23317
"Punjabi Bagh, Delhi - DPCC",2026-05-29 22:00:00+00:00,10.3,64.01715
"Punjabi Bagh, Delhi - DPCC",2026-05-29 23:00:00+00:00,11.5,72.489685
"Punjabi Bagh, Delhi - DPCC",2026-05-30 00:00:00+00:00,23.8,44.00273
"Punjabi Bagh, Delhi - DPCC",2026-05-30 01:00:00+00:00,25.8,37.152184
"Punjabi Bagh, Delhi - DPCC",2026-05-30 02:00:00+00:00,15.3,43.490192
"Punjabi Bagh, Delhi - DPCC",2026-05-30 03:00:00+00:00,16.8,33.611103
"Punjabi Bagh, Delhi - DPCC",2026-05-30 04:00:00+00:00,26.0,39.761395
"Punjabi Bagh, Delhi - DPCC",2026-05-30 05:00:00+00:00,25.0,53.87702
"Punjabi Bagh, Delhi - DPCC",2026-05-30 06:00:00+00:00,43.8,49.498886
"Punjabi Bagh, Delhi - DPCC",2026-05-30 07:00:00+00:00,51.0,32.90764
"Punjabi Bagh, Delhi - DPCC",2026-05-30 08:00:00+00:00,39.0,30.822645
"Punjabi Bagh, Delhi - DPCC",2026-05-30 09:00:00+00:00,39.8,32.45094
"Punjabi Bagh, Delhi - DPCC",2026-05-30 10:00:00+00:00,38.8,36.059338
"Punjabi Bagh, Delhi - DPCC",2026-05-30 11:00:00+00:00,27.5,26.781582
"Punjabi Bagh, Delhi - DPCC",2026-05-30 12:00:00+00:00,20.0,31.40321
"Punjabi Bagh, Delhi - DPCC",2026-05-30 13:00:00+00:00,15.8,24.01384
"Punjabi Bagh, Delhi - DPCC",2026-05-30 14:00:00+00:00,19.3,26.90479
"Punjabi Bagh, Delhi - DPCC",2026-05-30 15:00:00+00:00,15.8,37.415024
"Punjabi Bagh, Delhi - DPCC",2026-05-30 16:00:00+00:00,30.0,42.592976
"Punjabi Bagh, Delhi - DPCC",2026-05-30 17:00:00+00:00,30.5,40.176373
"Punjabi Bagh, Delhi - DPCC",2026-05-30 18:00:00+00:00,26.5,43.229675
"Punjabi Bagh, Delhi - DPCC",2026-05-30 19:00:00+00:00,26.3,41.267403
"Punjabi Bagh, Delhi - DPCC",2026-05-30 20:00:00+00:00,30.3,42.911266
"Punjabi Bagh, Delhi - DPCC",2026-05-30 21:00:00+00:00,31.0,54.303238
"Punjabi Bagh, Delhi - DPCC",2026-05-30 22:00:00+00:00,39.8,73.07049
"Punjabi Bagh, Delhi - DPCC",2026-05-30 23:00:00+00:00,44.0,71.55099
"Punjabi Bagh, Delhi - DPCC",2026-05-31 00:00:00+00:00,65.3,51.875965
"Punjabi Bagh, Delhi - DPCC",2026-05-31 01:00:00+00:00,56.5,41.929844
"Punjabi Bagh, Delhi - DPCC",2026-05-31 02:00:00+00:00,50.0,34.111794
"Punjabi Bagh, Delhi - DPCC",2026-05-31 03:00:00+00:00,31.3,35.24331
"Punjabi Bagh, Delhi - DPCC",2026-05-31 04:00:00+00:00,25.3,33.95013
"Punjabi Bagh, Delhi - DPCC",2026-05-31 05:00:00+00:00,39.3,30.042564
"Punjabi Bagh, Delhi - DPCC",2026-05-31 06:00:00+00:00,36.5,31.047998
"Punjabi Bagh, Delhi - DPCC",2026-05-31 07:00:00+00:00,43.3,35.143154
"Punjabi Bagh, Delhi - DPCC",2026-05-31 08:00:00+00:00,38.3,31.821598
"Punjabi Bagh, Delhi - DPCC",2026-05-31 09:00:00+00:00,31.3,30.916513
"Punjabi Bagh, Delhi - DPCC",2026-05-31 10:00:00+00:00,32.5,38.30287
"Punjabi Bagh, Delhi - DPCC",2026-05-31 11:00:00+00:00,29.3,36.231815
"Punjabi Bagh, Delhi - DPCC",2026-05-31 12:00:00+00:00,32.5,43.09591
"Punjabi Bagh, Delhi - DPCC",2026-05-31 13:00:00+00:00,30.8,40.571667
"Punjabi Bagh, Delhi - DPCC",2026-05-31 15:00:00+00:00,30.3,40.90237
"Punjabi Bagh, Delhi - DPCC",2026-05-31 16:00:00+00:00,31.5,37.314053
"Punjabi Bagh, Delhi - DPCC",2026-05-31 17:00:00+00:00,33.0,56.833225
"Punjabi Bagh, Delhi - DPCC",2026-05-31 18:00:00+00:00,43.0,39.548855
"Punjabi Bagh, Delhi - DPCC",2026-05-31 19:00:00+00:00,45.5,36.950703
"Punjabi Bagh, Delhi - DPCC",2026-05-31 20:00:00+00:00,39.8,26.078184
"Punjabi Bagh, Delhi - DPCC",2026-05-31 21:00:00+00:00,31.3,35.09153
"Punjabi Bagh, Delhi - DPCC",2026-05-31 22:00:00+00:00,40.8,37.24617
"Punjabi Bagh, Delhi - DPCC",2026-05-31 23:00:00+00:00,33.3,43.915394
"Punjabi Bagh, Delhi - DPCC",2026-06-01 00:00:00+00:00,39.0,40.931366
"Punjabi Bagh, Delhi - DPCC",2026-06-01 01:00:00+00:00,42.0,34.0249
"Punjabi Bagh, Delhi - DPCC",2026-06-01 02:00:00+00:00,48.0,40.793926
"Punjabi Bagh, Delhi - DPCC",2026-06-01 03:00:00+00:00,47.5,42.120045
"Punjabi Bagh, Delhi - DPCC",2026-06-01 04:00:00+00:00,42.3,43.872967
"Punjabi Bagh, Delhi - DPCC",2026-06-01 05:00:00+00:00,29.7,43.88526
"Punjabi Bagh, Delhi - DPCC",2026-06-01 06:00:00+00:00,28.8,43.370674
"Punjabi Bagh, Delhi - DPCC",2026-06-01 07:00:00+00:00,33.8,41.47568
"Punjabi Bagh, Delhi - DPCC",2026-06-01 08:00:00+00:00,33.5,41.780373
"Punjabi Bagh, Delhi - DPCC",2026-06-01 09:00:00+00:00,35.0,46.7911
"Punjabi Bagh, Delhi - DPCC",2026-06-01 10:00:00+00:00,35.0,44.774975
"Punjabi Bagh, Delhi - DPCC",2026-06-01 11:00:00+00:00,35.0,43.41009
"Punjabi Bagh, Delhi - DPCC",2026-06-01 12:00:00+00:00,37.8,42.35287
"Punjabi Bagh, Delhi - DPCC",2026-06-01 13:00:00+00:00,29.0,34.07439
"Punjabi Bagh, Delhi - DPCC",2026-06-01 14:00:00+00:00,19.0,42.015415
"Punjabi Bagh, Delhi - DPCC",2026-06-01 15:00:00+00:00,35.0,38.712585
"Punjabi Bagh, Delhi - DPCC",2026-06-01 16:00:00+00:00,39.5,32.070038
"Punjabi Bagh, Delhi - DPCC",2026-06-01 17:00:00+00:00,44.0,39.302757
"Punjabi Bagh, Delhi - DPCC",2026-06-01 18:00:00+00:00,51.5,42.254242
"Punjabi Bagh, Delhi - DPCC",2026-06-01 19:00:00+00:00,57.5,44.066757
"Punjabi Bagh, Delhi - DPCC",2026-06-01 20:00:00+00:00,69.5,48.01736
"Punjabi Bagh, Delhi - DPCC",2026-06-01 21:00:00+00:00,55.3,47.201244
"Punjabi Bagh, Delhi - DPCC",2026-06-01 22:00:00+00:00,59.3,46.696487
"Punjabi Bagh, Delhi - DPCC",2026-06-01 23:00:00+00:00,75.8,52.056732
"Punjabi Bagh, Delhi - DPCC",2026-06-02 00:00:00+00:00,65.5,50.78205
"Punjabi Bagh, Delhi - DPCC",2026-06-02 01:00:00+00:00,54.0,50.531113
"Punjabi Bagh, Delhi - DPCC",2026-06-02 02:00:00+00:00,51.3,34.912365
"Punjabi Bagh, Delhi - DPCC",2026-06-02 03:00:00+00:00,54.3,42.640965
"Punjabi Bagh, Delhi - DPCC",2026-06-02 04:00:00+00:00,57.5,42.770157
"Punjabi Bagh, Delhi - DPCC",2026-06-02 05:00:00+00:00,47.0,42.139328
"Punjabi Bagh, Delhi - DPCC",2026-06-02 06:00:00+00:00,48.5,40.084324
"Punjabi Bagh, Delhi - DPCC",2026-06-02 07:00:00+00:00,54.3,44.560684
"Punjabi Bagh, Delhi - DPCC",2026-06-02 08:00:00+00:00,58.3,42.533115
"Punjabi Bagh, Delhi - DPCC",2026-06-02 09:00:00+00:00,61.0,43.46189
"Punjabi Bagh, Delhi - DPCC",2026-06-02 10:00:00+00:00,57.5,45.32725
"Punjabi Bagh, Delhi - DPCC",2026-06-02 11:00:00+00:00,54.0,42.841557
"Punjabi Bagh, Delhi - DPCC",2026-06-02 12:00:00+00:00,65.8,35.932446
"Punjabi Bagh, Delhi - DPCC",2026-06-02 13:00:00+00:00,72.8,36.415413
"Punjabi Bagh, Delhi - DPCC",2026-06-02 14:00:00+00:00,67.3,30.223387
"Punjabi Bagh, Delhi - DPCC",2026-06-02 15:00:00+00:00,61.0,37.4319
"R K Puram, Delhi - DPCC",2026-05-22 19:00:00+00:00,68.7,71.522995
"R K Puram, Delhi - DPCC",2026-05-22 20:00:00+00:00,61.0,71.10644
"R K Puram, Delhi - DPCC",2026-05-22 21:00:00+00:00,64.8,76.27115
"R K Puram, Delhi - DPCC",2026-05-22 22:00:00+00:00,84.5,76.075836
"R K Puram, Delhi - DPCC",2026-05-22 23:00:00+00:00,76.0,79.63403
"R K Puram, Delhi - DPCC",2026-05-23 00:00:00+00:00,56.8,99.39421
"R K Puram, Delhi - DPCC",2026-05-23 01:00:00+00:00,65.3,72.07889
"R K Puram, Delhi - DPCC",2026-05-23 02:00:00+00:00,74.3,58.293503
"R K Puram, Delhi - DPCC",2026-05-23 03:00:00+00:00,72.3,58.065624
"R K Puram, Delhi - DPCC",2026-05-23 04:00:00+00:00,44.5,44.580963
"R K Puram, Delhi - DPCC",2026-05-23 05:00:00+00:00,50.3,41.48876
"R K Puram, Delhi - DPCC",2026-05-23 06:00:00+00:00,71.0,37.13428
"R K Puram, Delhi - DPCC",2026-05-23 07:00:00+00:00,49.3,44.911755
"R K Puram, Delhi - DPCC",2026-05-23 08:00:00+00:00,71.3,48.447666
"R K Puram, Delhi - DPCC",2026-05-23 09:00:00+00:00,58.3,48.332436
"R K Puram, Delhi - DPCC",2026-05-23 10:00:00+00:00,56.0,48.734535
"R K Puram, Delhi - DPCC",2026-05-23 11:00:00+00:00,76.5,47.30709
"R K Puram, Delhi - DPCC",2026-05-23 12:00:00+00:00,75.7,54.631706
"R K Puram, Delhi - DPCC",2026-05-23 13:00:00+00:00,93.5,62.987225
"R K Puram, Delhi - DPCC",2026-05-23 14:00:00+00:00,88.0,65.92757
"R K Puram, Delhi - DPCC",2026-05-23 15:00:00+00:00,83.3,65.99964
"R K Puram, Delhi - DPCC",2026-05-23 16:00:00+00:00,78.0,64.58946
"R K Puram, Delhi - DPCC",2026-05-23 17:00:00+00:00,76.0,63.580135
"R K Puram, Delhi - DPCC",2026-05-23 19:00:00+00:00,69.5,57.666763
"R K Puram, Delhi - DPCC",2026-05-23 20:00:00+00:00,45.8,56.46713
"R K Puram, Delhi - DPCC",2026-05-23 21:00:00+00:00,49.3,61.996716
"R K Puram, Delhi - DPCC",2026-05-23 22:00:00+00:00,44.8,61.2173
"R K Puram, Delhi - DPCC",2026-05-23 23:00:00+00:00,46.3,68.212265
"R K Puram, Delhi - DPCC",2026-05-24 00:00:00+00:00,50.3,65.793015
"R K Puram, Delhi - DPCC",2026-05-24 01:00:00+00:00,71.5,70.33338
"R K Puram, Delhi - DPCC",2026-05-24 02:00:00+00:00,75.3,54.912243
"R K Puram, Delhi - DPCC",2026-05-24 03:00:00+00:00,64.5,47.72889
"R K Puram, Delhi - DPCC",2026-05-24 04:00:00+00:00,70.3,53.87385
"R K Puram, Delhi - DPCC",2026-05-24 05:00:00+00:00,79.0,45.7853
"R K Puram, Delhi - DPCC",2026-05-24 06:00:00+00:00,83.0,45.380795
"R K Puram, Delhi - DPCC",2026-05-24 07:00:00+00:00,85.3,43.651463
"R K Puram, Delhi - DPCC",2026-05-24 08:00:00+00:00,92.0,43.322327
"R K Puram, Delhi - DPCC",2026-05-24 09:00:00+00:00,75.3,44.849277
"R K Puram, Delhi - DPCC",2026-05-24 10:00:00+00:00,65.8,44.55039
"R K Puram, Delhi - DPCC",2026-05-24 11:00:00+00:00,64.7,51.260815
"R K Puram, Delhi - DPCC",2026-05-24 12:00:00+00:00,72.0,57.700268
"R K Puram, Delhi - DPCC",2026-05-24 13:00:00+00:00,96.0,64.676155
"R K Puram, Delhi - DPCC",2026-05-24 14:00:00+00:00,137.0,71.074
"R K Puram, Delhi - DPCC",2026-05-24 15:00:00+00:00,102.0,65.56689
"R K Puram, Delhi - DPCC",2026-05-24 16:00:00+00:00,112.0,64.252235
"R K Puram, Delhi - DPCC",2026-05-24 17:00:00+00:00,99.0,59.78612
"R K Puram, Delhi - DPCC",2026-05-24 18:00:00+00:00,116.0,55.16658
"R K Puram, Delhi - DPCC",2026-05-24 19:00:00+00:00,127.0,60.047638
"R K Puram, Delhi - DPCC",2026-05-24 20:00:00+00:00,116.0,58.934547
"R K Puram, Delhi - DPCC",2026-05-24 21:00:00+00:00,106.0,60.68642
"R K Puram, Delhi - DPCC",2026-05-24 22:00:00+00:00,108.0,59.824097
"R K Puram, Delhi - DPCC",2026-05-24 23:00:00+00:00,118.0,59.583817
"R K Puram, Delhi - DPCC",2026-05-25 00:00:00+00:00,104.0,60.510845
"R K Puram, Delhi - DPCC",2026-05-25 01:00:00+00:00,111.0,60.478584
"R K Puram, Delhi - DPCC",2026-05-25 02:00:00+00:00,140.0,54.73947
"R K Puram, Delhi - DPCC",2026-05-25 03:00:00+00:00,92.0,48.618446
"R K Puram, Delhi - DPCC",2026-05-25 04:00:00+00:00,44.0,47.510693
"R K Puram, Delhi - DPCC",2026-05-25 05:00:00+00:00,39.3,44.40232
"R K Puram, Delhi - DPCC",2026-05-25 06:00:00+00:00,27.5,58.770287
"R K Puram, Delhi - DPCC",2026-05-25 07:00:00+00:00,22.0,56.102787
"R K Puram, Delhi - DPCC",2026-05-25 08:00:00+00:00,32.7,59.258396
"R K Puram, Delhi - DPCC",2026-05-25 09:00:00+00:00,33.0,48.765636
"R K Puram, Delhi - DPCC",2026-05-25 10:00:00+00:00,22.8,50.244083
"R K Puram, Delhi - DPCC",2026-05-25 11:00:00+00:00,19.3,54.29505
"R K Puram, Delhi - DPCC",2026-05-25 12:00:00+00:00,22.3,60.644688
"R K Puram, Delhi - DPCC",2026-05-25 13:00:00+00:00,32.0,77.99473
"R K Puram, Delhi - DPCC",2026-05-25 14:00:00+00:00,64.3,95.05795
"R K Puram, Delhi - DPCC",2026-05-25 15:00:00+00:00,127.0,95.50354
"R K Puram, Delhi - DPCC",2026-05-25 16:00:00+00:00,127.0,92.21051
"R K Puram, Delhi - DPCC",2026-05-25 17:00:00+00:00,118.0,88.59866
"R K Puram, Delhi - DPCC",2026-05-25 18:00:00+00:00,75.0,85.857025
"R K Puram, Delhi - DPCC",2026-05-25 19:00:00+00:00,88.0,100.02478
"R K Puram, Delhi - DPCC",2026-05-25 20:00:00+00:00,135.0,96.21731
"R K Puram, Delhi - DPCC",2026-05-25 21:00:00+00:00,95.3,97.75394
"R K Puram, Delhi - DPCC",2026-05-25 22:00:00+00:00,74.5,99.583534
"R K Puram, Delhi - DPCC",2026-05-25 23:00:00+00:00,119.0,102.416046
"R K Puram, Delhi - DPCC",2026-05-26 00:00:00+00:00,175.0,117.75527
"R K Puram, Delhi - DPCC",2026-05-26 01:00:00+00:00,172.0,101.124176
"R K Puram, Delhi - DPCC",2026-05-26 02:00:00+00:00,152.0,105.953384
"R K Puram, Delhi - DPCC",2026-05-26 03:00:00+00:00,104.0,70.72455
"R K Puram, Delhi - DPCC",2026-05-26 04:00:00+00:00,60.5,51.632607
"R K Puram, Delhi - DPCC",2026-05-26 05:00:00+00:00,53.0,54.366344
"R K Puram, Delhi - DPCC",2026-05-26 06:00:00+00:00,42.0,59.203976
"R K Puram, Delhi - DPCC",2026-05-26 07:00:00+00:00,33.0,55.24661
"R K Puram, Delhi - DPCC",2026-05-26 08:00:00+00:00,33.3,44.209503
"R K Puram, Delhi - DPCC",2026-05-26 09:00:00+00:00,40.0,44.672955
"R K Puram, Delhi - DPCC",2026-05-26 10:00:00+00:00,61.0,33.94918
"R K Puram, Delhi - DPCC",2026-05-26 11:00:00+00:00,89.8,36.94616
"R K Puram, Delhi - DPCC",2026-05-26 12:00:00+00:00,141.0,58.285275
"R K Puram, Delhi - DPCC",2026-05-26 13:00:00+00:00,117.0,77.44321
"R K Puram, Delhi - DPCC",2026-05-26 14:00:00+00:00,104.0,89.12861
"R K Puram, Delhi - DPCC",2026-05-26 15:00:00+00:00,91.3,126.693924
"R K Puram, Delhi - DPCC",2026-05-26 16:00:00+00:00,92.8,123.87657
"R K Puram, Delhi - DPCC",2026-05-26 17:00:00+00:00,85.5,113.81424
"R K Puram, Delhi - DPCC",2026-05-26 18:00:00+00:00,83.0,87.17705
"R K Puram, Delhi - DPCC",2026-05-26 19:00:00+00:00,83.3,98.55516
"R K Puram, Delhi - DPCC",2026-05-26 20:00:00+00:00,92.3,108.43808
"R K Puram, Delhi - DPCC",2026-05-26 21:00:00+00:00,96.0,100.54066
"R K Puram, Delhi - DPCC",2026-05-26 22:00:00+00:00,85.8,98.041046
"R K Puram, Delhi - DPCC",2026-05-26 23:00:00+00:00,74.3,103.5161
"R K Puram, Delhi - DPCC",2026-05-27 00:00:00+00:00,78.0,99.79684
"R K Puram, Delhi - DPCC",2026-05-27 01:00:00+00:00,80.5,107.21213
"R K Puram, Delhi - DPCC",2026-05-27 02:00:00+00:00,82.0,93.56584
"R K Puram, Delhi - DPCC",2026-05-27 03:00:00+00:00,66.8,91.18017
"R K Puram, Delhi - DPCC",2026-05-27 04:00:00+00:00,73.8,53.309486
"R K Puram, Delhi - DPCC",2026-05-27 05:00:00+00:00,71.0,57.725285
"R K Puram, Delhi - DPCC",2026-05-27 06:00:00+00:00,70.5,55.60641
"R K Puram, Delhi - DPCC",2026-05-27 11:00:00+00:00,64.3,47.08194
"R K Puram, Delhi - DPCC",2026-05-27 12:00:00+00:00,68.0,59.150032
"R K Puram, Delhi - DPCC",2026-05-27 13:00:00+00:00,57.3,65.379005
"R K Puram, Delhi - DPCC",2026-05-27 14:00:00+00:00,25.0,75.20316
"R K Puram, Delhi - DPCC",2026-05-27 15:00:00+00:00,22.0,86.93257
"R K Puram, Delhi - DPCC",2026-05-27 16:00:00+00:00,22.0,93.96637
"R K Puram, Delhi - DPCC",2026-05-27 17:00:00+00:00,13.5,86.78724
"R K Puram, Delhi - DPCC",2026-05-27 18:00:00+00:00,10.0,75.83075
"R K Puram, Delhi - DPCC",2026-05-27 19:00:00+00:00,12.8,87.65911
"R K Puram, Delhi - DPCC",2026-05-27 20:00:00+00:00,32.3,77.63447
"R K Puram, Delhi - DPCC",2026-05-27 21:00:00+00:00,39.0,85.23112
"R K Puram, Delhi - DPCC",2026-05-27 22:00:00+00:00,22.0,81.87609
"R K Puram, Delhi - DPCC",2026-05-27 23:00:00+00:00,30.0,83.61657
"R K Puram, Delhi - DPCC",2026-05-28 00:00:00+00:00,34.3,61.21616
"R K Puram, Delhi - DPCC",2026-05-28 01:00:00+00:00,29.3,77.37552
"R K Puram, Delhi - DPCC",2026-05-28 02:00:00+00:00,29.3,59.932472
"R K Puram, Delhi - DPCC",2026-05-28 03:00:00+00:00,28.0,55.224422
"R K Puram, Delhi - DPCC",2026-05-28 04:00:00+00:00,29.5,63.625366
"R K Puram, Delhi - DPCC",2026-05-28 05:00:00+00:00,38.5,59.440796
"R K Puram, Delhi - DPCC",2026-05-28 06:00:00+00:00,31.0,52.85456
"R K Puram, Delhi - DPCC",2026-05-28 07:00:00+00:00,22.0,54.161823
"R K Puram, Delhi - DPCC",2026-05-28 08:00:00+00:00,22.0,53.73333
"R K Puram, Delhi - DPCC",2026-05-28 09:00:00+00:00,23.3,51.59436
"R K Puram, Delhi - DPCC",2026-05-28 10:00:00+00:00,24.3,57.5515
"R K Puram, Delhi - DPCC",2026-05-28 11:00:00+00:00,17.8,56.235516
"R K Puram, Delhi - DPCC",2026-05-28 12:00:00+00:00,16.5,63.274483
"R K Puram, Delhi - DPCC",2026-05-28 13:00:00+00:00,20.0,65.86032
"R K Puram, Delhi - DPCC",2026-05-28 14:00:00+00:00,10.3,59.8451
"R K Puram, Delhi - DPCC",2026-05-28 16:00:00+00:00,17.0,61.966682
"R K Puram, Delhi - DPCC",2026-05-28 17:00:00+00:00,15.0,60.503254
"R K Puram, Delhi - DPCC",2026-05-28 18:00:00+00:00,15.8,75.2762
"R K Puram, Delhi - DPCC",2026-05-28 19:00:00+00:00,10.3,95.242325
"R K Puram, Delhi - DPCC",2026-05-28 20:00:00+00:00,6.0,94.74486
"R K Puram, Delhi - DPCC",2026-05-28 21:00:00+00:00,10.8,90.544365
"R K Puram, Delhi - DPCC",2026-05-28 22:00:00+00:00,17.3,83.460915
"R K Puram, Delhi - DPCC",2026-05-28 23:00:00+00:00,21.8,62.485348
"R K Puram, Delhi - DPCC",2026-05-29 00:00:00+00:00,26.0,52.50299
"R K Puram, Delhi - DPCC",2026-05-29 01:00:00+00:00,21.5,45.440277
"R K Puram, Delhi - DPCC",2026-05-29 02:00:00+00:00,17.0,36.40362
"R K Puram, Delhi - DPCC",2026-05-29 03:00:00+00:00,18.5,37.138638
"R K Puram, Delhi - DPCC",2026-05-29 04:00:00+00:00,24.0,32.555874
"R K Puram, Delhi - DPCC",2026-05-29 05:00:00+00:00,24.5,33.280697
"R K Puram, Delhi - DPCC",2026-05-29 07:00:00+00:00,17.0,36.505497
"R K Puram, Delhi - DPCC",2026-05-29 08:00:00+00:00,21.8,39.728004
"R K Puram, Delhi - DPCC",2026-05-29 09:00:00+00:00,26.5,39.405617
"R K Puram, Delhi - DPCC",2026-05-29 10:00:00+00:00,28.8,40.625416
"R K Puram, Delhi - DPCC",2026-05-29 11:00:00+00:00,32.8,39.800842
"R K Puram, Delhi - DPCC",2026-05-29 12:00:00+00:00,12.8,39.34458
"R K Puram, Delhi - DPCC",2026-05-29 13:00:00+00:00,20.5,52.06876
"R K Puram, Delhi - DPCC",2026-05-29 14:00:00+00:00,31.3,47.345577
"R K Puram, Delhi - DPCC",2026-05-29 15:00:00+00:00,43.5,49.72272
"R K Puram, Delhi - DPCC",2026-05-29 16:00:00+00:00,49.3,62.343227
"R K Puram, Delhi - DPCC",2026-05-29 17:00:00+00:00,44.0,54.875896
"R K Puram, Delhi - DPCC",2026-05-29 18:00:00+00:00,32.5,49.652752
"R K Puram, Delhi - DPCC",2026-05-29 19:00:00+00:00,28.3,56.93037
"R K Puram, Delhi - DPCC",2026-05-29 20:00:00+00:00,12.8,61.16848
"R K Puram, Delhi - DPCC",2026-05-29 21:00:00+00:00,18.0,62.634377
"R K Puram, Delhi - DPCC",2026-05-29 22:00:00+00:00,19.0,61.65724
"R K Puram, Delhi - DPCC",2026-05-29 23:00:00+00:00,24.3,63.81373
"R K Puram, Delhi - DPCC",2026-05-30 00:00:00+00:00,29.5,47.166298
"R K Puram, Delhi - DPCC",2026-05-30 01:00:00+00:00,22.7,44.987778
"R K Puram, Delhi - DPCC",2026-05-30 02:00:00+00:00,19.5,37.228767
"R K Puram, Delhi - DPCC",2026-05-30 03:00:00+00:00,26.8,33.085953
"R K Puram, Delhi - DPCC",2026-05-30 04:00:00+00:00,33.8,32.377895
"R K Puram, Delhi - DPCC",2026-05-30 05:00:00+00:00,30.3,38.543896
"R K Puram, Delhi - DPCC",2026-05-30 06:00:00+00:00,31.0,30.926422
"R K Puram, Delhi - DPCC",2026-05-30 07:00:00+00:00,30.5,31.811413
"R K Puram, Delhi - DPCC",2026-05-30 08:00:00+00:00,29.5,35.578106
"R K Puram, Delhi - DPCC",2026-05-30 09:00:00+00:00,30.3,46.635857
"R K Puram, Delhi - DPCC",2026-05-30 10:00:00+00:00,27.3,43.05164
"R K Puram, Delhi - DPCC",2026-05-30 11:00:00+00:00,24.8,29.284164
"R K Puram, Delhi - DPCC",2026-05-30 12:00:00+00:00,23.5,32.42623
"R K Puram, Delhi - DPCC",2026-05-30 13:00:00+00:00,21.3,43.31677
"R K Puram, Delhi - DPCC",2026-05-30 14:00:00+00:00,24.3,45.768665
"R K Puram, Delhi - DPCC",2026-05-30 15:00:00+00:00,28.5,40.544594
"R K Puram, Delhi - DPCC",2026-05-30 16:00:00+00:00,30.0,42.869217
"R K Puram, Delhi - DPCC",2026-05-30 17:00:00+00:00,31.0,49.11442
"R K Puram, Delhi - DPCC",2026-05-30 18:00:00+00:00,33.8,48.91241
"R K Puram, Delhi - DPCC",2026-05-30 19:00:00+00:00,38.5,44.73223
"R K Puram, Delhi - DPCC",2026-05-30 20:00:00+00:00,31.5,46.822014
"R K Puram, Delhi - DPCC",2026-05-30 21:00:00+00:00,45.8,43.582893
"R K Puram, Delhi - DPCC",2026-05-30 22:00:00+00:00,60.0,47.329124
"R K Puram, Delhi - DPCC",2026-05-30 23:00:00+00:00,67.0,58.078472
"R K Puram, Delhi - DPCC",2026-05-31 00:00:00+00:00,59.5,43.707703
"R K Puram, Delhi - DPCC",2026-05-31 01:00:00+00:00,51.3,44.514477
"R K Puram, Delhi - DPCC",2026-05-31 02:00:00+00:00,37.3,40.117565
"R K Puram, Delhi - DPCC",2026-05-31 03:00:00+00:00,31.8,36.613987
"R K Puram, Delhi - DPCC",2026-05-31 04:00:00+00:00,37.0,33.507008
"R K Puram, Delhi - DPCC",2026-05-31 05:00:00+00:00,27.0,33.158085
"R K Puram, Delhi - DPCC",2026-05-31 06:00:00+00:00,23.5,34.71268
"R K Puram, Delhi - DPCC",2026-05-31 07:00:00+00:00,23.3,35.476543
"R K Puram, Delhi - DPCC",2026-05-31 08:00:00+00:00,27.5,40.2833
"R K Puram, Delhi - DPCC",2026-05-31 09:00:00+00:00,28.3,38.81568
"R K Puram, Delhi - DPCC",2026-05-31 10:00:00+00:00,27.8,39.780075
"R K Puram, Delhi - DPCC",2026-05-31 11:00:00+00:00,29.5,32.35465
"R K Puram, Delhi - DPCC",2026-05-31 12:00:00+00:00,28.8,37.752987
"R K Puram, Delhi - DPCC",2026-05-31 13:00:00+00:00,32.0,34.97232
"R K Puram, Delhi - DPCC",2026-05-31 15:00:00+00:00,38.3,40.365765
"R K Puram, Delhi - DPCC",2026-05-31 16:00:00+00:00,46.3,46.257145
"R K Puram, Delhi - DPCC",2026-05-31 17:00:00+00:00,41.0,43.780666
"R K Puram, Delhi - DPCC",2026-05-31 18:00:00+00:00,47.5,41.136776
"R K Puram, Delhi - DPCC",2026-05-31 19:00:00+00:00,48.0,41.40319
"R K Puram, Delhi - DPCC",2026-05-31 20:00:00+00:00,37.8,43.141106
"R K Puram, Delhi - DPCC",2026-05-31 21:00:00+00:00,36.5,39.91929
"R K Puram, Delhi - DPCC",2026-05-31 22:00:00+00:00,44.8,47.359364
"R K Puram, Delhi - DPCC",2026-05-31 23:00:00+00:00,42.7,44.390167
"R K Puram, Delhi - DPCC",2026-06-01 00:00:00+00:00,34.3,54.071934
"R K Puram, Delhi - DPCC",2026-06-01 01:00:00+00:00,35.0,56.553047
"R K Puram, Delhi - DPCC",2026-06-01 02:00:00+00:00,43.5,48.89296
"R K Puram, Delhi - DPCC",2026-06-01 03:00:00+00:00,55.8,38.68458
"R K Puram, Delhi - DPCC",2026-06-01 04:00:00+00:00,48.0,38.70257
"R K Puram, Delhi - DPCC",2026-06-01 05:00:00+00:00,36.0,35.758286
"R K Puram, Delhi - DPCC",2026-06-01 06:00:00+00:00,36.7,39.1554
"R K Puram, Delhi - DPCC",2026-06-01 07:00:00+00:00,37.3,38.092514
"R K Puram, Delhi - DPCC",2026-06-01 08:00:00+00:00,34.0,41.05311
"R K Puram, Delhi - DPCC",2026-06-01 09:00:00+00:00,31.0,40.83906
"R K Puram, Delhi - DPCC",2026-06-01 10:00:00+00:00,40.0,40.091732
"R K Puram, Delhi - DPCC",2026-06-01 11:00:00+00:00,30.0,41.47911
"R K Puram, Delhi - DPCC",2026-06-01 12:00:00+00:00,29.3,42.14073
"R K Puram, Delhi - DPCC",2026-06-01 13:00:00+00:00,30.3,42.744637
"R K Puram, Delhi - DPCC",2026-06-01 14:00:00+00:00,31.8,42.557617
"R K Puram, Delhi - DPCC",2026-06-01 15:00:00+00:00,42.3,45.551666
"R K Puram, Delhi - DPCC",2026-06-01 16:00:00+00:00,64.0,48.479877
"R K Puram, Delhi - DPCC",2026-06-01 17:00:00+00:00,55.0,49.79829
"R K Puram, Delhi - DPCC",2026-06-01 18:00:00+00:00,68.0,55.02417
"R K Puram, Delhi - DPCC",2026-06-01 19:00:00+00:00,76.3,53.954575
"R K Puram, Delhi - DPCC",2026-06-01 20:00:00+00:00,89.8,52.436848
"R K Puram, Delhi - DPCC",2026-06-01 21:00:00+00:00,97.8,55.628986
"R K Puram, Delhi - DPCC",2026-06-01 22:00:00+00:00,82.5,49.32006
"R K Puram, Delhi - DPCC",2026-06-01 23:00:00+00:00,67.8,53.626213
"R K Puram, Delhi - DPCC",2026-06-02 00:00:00+00:00,80.3,57.132618
"R K Puram, Delhi - DPCC",2026-06-02 01:00:00+00:00,91.3,50.40837
"R K Puram, Delhi - DPCC",2026-06-02 02:00:00+00:00,55.8,39.73173
"R K Puram, Delhi - DPCC",2026-06-02 03:00:00+00:00,44.3,40.89483
"R K Puram, Delhi - DPCC",2026-06-02 04:00:00+00:00,41.3,44.52384
"R K Puram, Delhi - DPCC",2026-06-02 05:00:00+00:00,48.5,42.219593
"R K Puram, Delhi - DPCC",2026-06-02 06:00:00+00:00,48.0,39.67182
"R K Puram, Delhi - DPCC",2026-06-02 07:00:00+00:00,48.3,41.600163
"R K Puram, Delhi - DPCC",2026-06-02 08:00:00+00:00,67.0,41.94635
"R K Puram, Delhi - DPCC",2026-06-02 09:00:00+00:00,68.0,41.519978
"R K Puram, Delhi - DPCC",2026-06-02 10:00:00+00:00,70.7,44.32769
"R K Puram, Delhi - DPCC",2026-06-02 11:00:00+00:00,66.3,44.879025
"R K Puram, Delhi - DPCC",2026-06-02 12:00:00+00:00,63.0,40.261703
"R K Puram, Delhi - DPCC",2026-06-02 13:00:00+00:00,67.5,45.613594
"R K Puram, Delhi - DPCC",2026-06-02 14:00:00+00:00,68.0,42.154335
"R K Puram, Delhi - DPCC",2026-06-02 15:00:00+00:00,80.5,44.226273
